"rules";"support";"confidence";"coverage";"lift";"count"
"{Teknik Mesin} => {Lk}";0.203389830508475;0.979591836734694;0.207627118644068;1.2843537414966;48
"{C} => {SM}";0.224576271186441;0.815384615384615;0.275423728813559;1.14542124542125;53
"{C} => {Lk}";0.245762711864407;0.892307692307692;0.275423728813559;1.16991452991453;58
"{A2} => {SM}";0.228813559322034;0.805970149253731;0.283898305084746;1.13219616204691;54
"{A2} => {Lk}";0.233050847457627;0.82089552238806;0.283898305084746;1.07628524046435;55
"{B} => {SM}";0.377118644067797;0.801801801801802;0.470338983050847;1.12634062634063;89
"{B,Lk} => {SM}";0.279661016949153;0.825;0.338983050847458;1.15892857142857;66
