"rules";"support";"confidence";"coverage";"lift";"count"
"{} => {SM}";0.711864406779661;0.711864406779661;1;1;168
"{} => {Lk}";0.76271186440678;0.76271186440678;1;1;180
"{SM} => {Lk}";0.559322033898305;0.785714285714286;0.711864406779661;1.03015873015873;132
"{Lk} => {SM}";0.559322033898305;0.733333333333333;0.76271186440678;1.03015873015873;132
