"rules";"support";"confidence";"coverage";"lift";"count"
"{} => {Lk}";0.703096539162113;0.703096539162113;1;1;386
"{} => {SM}";0.706739526411658;0.706739526411658;1;1;388
