"rules";"support";"confidence";"coverage";"lift";"count"
"{B} => {SM}";0.435336976320583;0.821305841924399;0.530054644808743;1.16210543097035;239
