rules;support;confidence;coverage;lift;count
{} => {SM};0.709183673469388;0.709183673469388;1;1;556
{} => {Lk};0.721938775510204;0.721938775510204;1;1;566
{B} => {SM};0,42;0,82;0,51;1,15;328,00
{SNMPTN} => {SM};0,40;0,74;0,55;1,04;317,00
{SM} => {Lk};0,52;0,73;0,71;1,01;405,00
{Lk} => {SM};0,52;0,72;0,72;1,01;405,00
