rules;support;confidence;coverage;lift;count
{} => {SM};0.709183673469388;0.709183673469388;1;1;556
{} => {Lk};0.721938775510204;0.721938775510204;1;1;566
{SM} => {Lk};0,52;0,73;0,71;1,01;405,00
{Lk} => {SM};0,52;0,72;0,72;1,01;405,00
