"rules";"support";"confidence";"coverage";"lift";"count"
"{B} => {SM}";0.418367346938776;0.81592039800995;0.512755102040816;1.15050646050324;328
