"rules";"support";"confidence";"coverage";"lift";"count"
"{} => {B}";0.530054644808743;0.530054644808743;1;1;291
"{} => {SNMPTN}";0.537340619307832;0.537340619307832;1;1;295
"{} => {A1}";0.58287795992714;0.58287795992714;1;1;320
"{} => {Lk}";0.703096539162113;0.703096539162113;1;1;386
"{} => {SM}";0.706739526411658;0.706739526411658;1;1;388
