"rules";"support";"confidence";"coverage";"lift";"count"
"{} => {Lk}";0.703096539162113;0.703096539162113;1;1;386
"{} => {SM}";0.706739526411658;0.706739526411658;1;1;388
"{B} => {SM}";0.435336976320583;0.821305841924399;0.530054644808743;1.16210543097035;239
"{SNMPTN} => {SM}";0.397085610200364;0.738983050847458;0.537340619307832;1.04562292503931;218
"{Lk} => {SM}";0.497267759562842;0.707253886010363;0.703096539162113;1.00072779231879;273
"{SM} => {Lk}";0.497267759562842;0.70360824742268;0.706739526411657;1.00072779231879;273
